Едаков,Алва,Васильевна,2018-11-25,859195-3;2020-06-26;417725-5;2020-11-17;734215-3;2019-03-28
Сейтназаров,Денислав,Теймуразовна,2001-08-02,383743-3;2016-09-15;516324-1;2016-12-27;666624-1;2012-01-31
Лизгинова,Сами,Филимоновна,2000-02-20,115688-5;2012-07-07;355228-4;2014-06-13;195264-1;2001-07-21
Иркисова,Кристине,Гертрудовна,2009-08-31,917616-2;2013-02-02;849177-1;2011-10-04;383273-3;2020-01-28
Лобикова,Нур,Игоревич,2009-12-29,825999-1;2017-08-13;997398-1;2018-01-10;622186-2;2011-03-08
Загородиев,Феоктист,Харитоновна,2014-04-03,699117-4;2015-05-10;546746-3;2018-07-25;651884-2;2015-03-05
Вакулич,Алимхан,Антоновна,1997-08-29,493148-3;2008-08-11;489888-2;2004-12-07;179394-4;2002-08-09
Фиттяхудинов,Самир,Ефстафьевна,1989-11-15,124465-2;1990-07-07;397323-5;1990-09-03;892688-2;2018-11-26
Курпикова,Европа,Захарьевич,2013-01-13,967452-2;2017-10-03;417725-3;2020-04-18;758783-4;2014-11-21
Стугарев,Джакомо,Августович,2020-12-16,957753-1;2021-02-06;233349-3;2021-03-05;377877-2;2021-04-20
Пигова,Баб,Геннадиевна,2019-11-23,158836-2;2019-12-18;266268-2;2019-12-20;293842-2;2019-11-24
Машталова,Далина,Андреевич,2011-04-30,526925-3;2015-05-10;466759-3;2018-06-30;893432-2;2011-05-12
Запасов,Филолог,Августович,2005-03-30,276825-3;2021-03-25;864786-1;2018-11-15;161959-4;2020-02-10
Саипаев,Муртаза,Евсеевна,2017-03-13,545918-1;2017-04-24;266268-4;2020-12-27;981666-3;2018-10-21
Марунич,Шах,Антонович,1996-08-21,849121-1;1999-03-20;632628-1;2010-04-14;276825-1;2002-05-15
Красенова,Данка,Елисеевна,2002-01-19,961769-4;2018-04-22;944112-5;2020-08-07;169363-4;2007-06-27
Голынников,Рег,Феликсович,1986-11-22,138543-2;1994-06-27;825999-5;1989-11-01;622186-3;1987-07-08
Волченсков,Раман,Герасимович,2006-02-03,324154-4;2018-02-22;841599-4;2016-12-25;526925-1;2012-01-08
Мыкова,Тамара,Елисеевич,2019-03-04,887419-2;2019-11-01;849121-3;2020-12-29;566391-5;2019-08-02
Маличева,Вардуи,Харламповна,1984-12-09,592836-5;1997-06-04;887419-5;2018-04-27;546746-4;2001-08-12
Свердликов,Иероним,Владиленович,2011-01-26,661416-5;2019-10-09;993175-1;2016-02-15;413333-5;2013-02-23
Кушнерев,Брауни,Георгиевна,1985-08-12,725389-5;2002-09-09;382676-1;1991-05-30;851612-2;2008-05-03
Нехонова,Ладан,Ильна,1984-12-21,314366-5;2014-01-15;536193-2;2004-11-24;355763-3;1994-10-06
Дорогавцева,Ядвига,Антипович,1989-05-22,729745-2;1993-05-08;464434-5;2016-07-02;849429-5;2019-01-28
Зотимова,Анта,Артёмовна,2001-01-26,761367-5;2009-06-23;741541-5;2021-03-04;254329-1;2014-03-04
Вашлаев,Гордий,Давидович,2019-07-04,637886-4;2021-05-22;353832-1;2020-01-09;532681-2;2019-12-27
Комликов,Бессмертный,Васильевна,1996-05-09,543642-3;2017-05-29;335814-2;1999-10-22;464434-2;2015-09-16
Сапилов,Леха,Иосифович,2001-02-21,145119-3;2006-02-04;353832-4;2016-05-14;195264-5;2011-10-05
Патрикеева,Сат,Владиленович,1997-09-17,993716-5;2019-06-25;719323-3;2019-11-04
Сенокосов,Рональд,Фроловна,1989-04-30,161959-1;2015-06-24;119962-4;1999-07-27;586664-2;1991-08-03
Контев,Плат,Харлампович,1994-09-25,892688-3;1996-09-30;138543-4;1995-06-18;849177-2;2018-11-03
Автоманова,Станислава,Тихонович,1986-12-18,564478-4;1991-05-17;592836-2;1996-03-05;145787-1;2012-05-12
Мацуев,Ватан,Бенедиктовна,1994-05-12,175522-5;1995-02-04;485459-5;2015-03-30;112551-3;1997-11-02
Батакаева,Диера,Тихоновна,2018-11-08,637886-5;2021-01-23;725389-4;2019-12-01
Панютчева,Молли,Демидовна,2020-07-06,527858-1;2020-07-12;594561-2;2020-12-26;236175-3;2020-10-03
Махотников,Гилберт,Всеволодович,1987-09-29,859195-4;2010-08-03;863124-4;1994-11-02;851718-4;2008-02-17
Финашев,Кловис,Игнатьевич,2008-09-19,681986-1;2018-05-08;132513-3;2013-07-17;529486-3;2021-02-02
Мыльцева,Алмажан,Витальевна,1984-08-08,355228-1;2003-12-07;734215-4;1988-06-23;928633-4;1994-09-17
Ошурков,Рудак,Эдгарович,1988-09-13,137468-1;2013-09-12;514385-2;1991-01-13
Козырьков,Платон,Ефимьевна,2003-11-07,255732-2;2011-02-20;449833-2;2007-01-16
Шутникова,Зима,Феофанович,2000-09-24,961769-3;2005-11-16;472432-2;2001-08-24;893432-5;2014-03-08
Дустиев,Владка,Иларионовна,2007-10-28,229319-3;2018-11-02;476427-5;2011-01-03;778244-1;2012-06-17
Винеев,Ермолай,Федотович,1997-12-10,251172-1;2005-03-15;768787-3;2019-08-24;284274-2;2019-06-08
Шемеева,Олеся,Зиновьевна,1998-12-14,618763-4;2001-01-26;681279-1;2016-02-13;514137-3;2012-04-26
Кирильцев,Дублин,Зиновьевна,2013-10-30,571656-5;2019-12-28;378634-2;2015-01-25;622186-4;2015-06-06
Буриличев,Киян,Якубовна,1996-02-25,375126-4;2000-11-04;324154-5;2004-02-20;618763-1;2015-09-28
Курнасова,Аксана,Геннадиевич,1989-05-03,768787-4;2011-02-01;493148-1;2006-02-06
Лучева,Света,Демидовна,1995-06-18,493148-4;2002-10-21;516324-5;2002-11-08;493396-2;1996-11-05
Кростылев,Рикс,Юлианович,2002-06-02,489888-1;2018-04-02;841599-1;2007-12-05;311377-3;2006-12-10
Щитикова,Алифтина,Эдгарович,2020-11-18,233349-5;2021-03-15;768787-2;2021-01-24;545918-3;2021-01-16
Лобанцов,Мартьян,Владиленовна,2001-04-10,813542-2;2009-02-18;681986-2;2016-12-17;112551-5;2012-03-12
Задов,Хьюго,Эдуардовна,1979-09-02,543642-4;1990-09-03;758783-5;1990-06-30;778244-4;2009-05-22
Недешева,Катеринка,Феликсович,1991-01-03,855767-1;2005-03-09;464434-1;2005-02-18;284274-4;1999-04-05
Лопаева,Рузи,Юльевна,2013-12-10,315411-1;2015-05-23
Ляшевич,Добри,Евсеевич,2010-09-04,833189-1;2011-02-14;199721-3;2018-09-28;921122-2;2010-11-09
Приградов,Дастан,Евсеевна,1988-06-13,642219-3;1989-11-26;268261-2;1997-05-14
Голополосова,Ильхам,Вячеславовна,1982-04-27,485459-3;1999-01-04;124465-1;1985-08-20
Ковайкова,Анифе,Елизарович,2004-02-26,596937-1;2020-09-15;494536-3;2012-08-01
Бобов,Намиг,Валерьяновна,2008-04-01,667632-1;2011-12-15;222361-1;2013-06-13;245617-5;2014-02-01
Золотинов,Гай,Феликсович,2007-06-07,233349-2;2017-09-17;438514-5;2009-01-17;389471-4;2008-01-28
Рогикова,Эрна,Гурьевна,1985-01-29,967452-3;1997-10-24;491736-3;2003-03-18;546163-1;2012-11-22
Толчев,Абубакар,Семёновна,1981-10-29,678351-5;2001-05-24
Мамакаева,Лилит,Васильевич,1980-07-04,566391-3;2013-11-16;319149-4;1987-10-23
Джамбова,Милен,Гурьевич,2015-09-30,494536-2;2018-10-26;753238-2;2021-02-08;632628-5;2016-10-11
Твердилов,Инар,Гурьевна,1990-06-12,312252-3;2014-07-22;452653-4;2004-05-31;276825-5;2010-11-03
Хрупачев,Сайко,Андреевич,2003-01-01,813542-3;2012-01-26;582837-3;2020-02-05
Минишева,Рубина,Ильна,1979-01-28,319149-5;2016-12-22;222361-2;2012-08-13;778244-5;2000-02-09
Паракецова,Гаухара,Ерофеевна,1994-03-22,182367-5;2006-10-27;355763-2;1994-09-10;728559-5;2002-09-16
Аблаева,Люсина,Ануфриевич,1980-08-15,153763-3;2009-07-12;175522-2;2006-07-10;729745-1;2009-04-23
Запруднев,Рази,Захарьевич,1980-11-20,684684-1;2016-03-17;335814-5;2011-08-09
Ворова,Диша,Гаврилович,1981-06-23,491736-2;2009-04-22;586664-4;2010-04-24
Алырщиков,Оуэн,Харлампьевна,1988-08-29,284647-4;2000-09-23;138543-3;2001-05-25
Коршинов,Назарий,Германовна,2005-06-14,631271-4;2011-11-08;719323-5;2008-01-22;234879-1;2010-12-28
Лопатков,Йосип,Эдгардович,2017-12-17,887419-1;2020-01-26;344463-1;2018-09-12
Дорошаев,Авит,Сидорович,2015-07-28,315411-4;2017-08-16;182367-2;2018-10-01
Шитуров,Бараш,Иосипович,1986-03-03,666624-5;2011-04-19
Евсенков,Томило,Изотович,2018-01-15,851612-1;2019-03-04;137468-3;2019-02-15;145787-4;2020-12-16
Абрамаков,Фрэнк,Семёновна,1997-09-27,254329-2;2009-06-13;342794-1;2002-02-03
Голоцуков,Алик,Гавриилович,2006-04-16,684684-2;2011-01-07;343575-5;2020-11-09;241431-5;2014-03-20
Бакшинова,Кенже,Зиновьевна,2013-01-03,199721-5;2020-05-31;145597-1;2020-10-10
Баймешева,Айса,Исидоровна,1996-04-04,851612-3;2004-08-11;485459-2;2017-04-24
Петрущенков,Парис,Гавриилович,1990-11-28,758783-1;2000-12-28;353832-2;2010-06-28;893432-4;2011-08-19
Камалетдинова,Элита,Жоресович,2019-02-08,242268-2;2020-11-01
Берлизева,Мадлен,Еремеевич,1979-12-16,568571-1;1992-08-14;882312-3;2019-11-09
Шпилькова,Сабина,Харламовна,2015-04-12,175979-5;2018-10-05;536193-5;2018-01-15;937174-3;2018-03-26
Корыстылев,Вернигора,Валерьянович,2009-02-08,527352-3;2019-06-06;335265-2;2014-10-12
Табунщиков,Бабич,Герасимовна,2020-04-10,114457-3;2020-12-28;245617-2;2021-05-01
Ротанков,Океан,Харламовна,1990-09-22,452653-1;2000-03-04
Сенцов,Алмасхан,Вадимович,1980-10-16,369327-2;2007-05-28;741541-2;2001-05-30;491736-4;1996-07-24
Косова,Библия,Вадимович,2000-09-28,741622-4;2016-10-20;671252-2;2011-04-27
Микляева,Гаврилина,Жоресовна,1990-08-20,382676-5;2002-08-16;637878-5;2021-03-20
Щелкановцева,Сашенька,Федотович,2018-09-06,592836-1;2019-12-21;878466-1;2019-09-25
Сафроничева,Агила,Авдеевич,1997-03-04,176686-5;2010-05-04;859195-2;2011-04-24;564478-3;2004-08-08
Лыгакова,Сонора,Геннадиевна,1997-02-14,567599-3;1999-04-14;961769-1;2014-02-26;596937-4;2019-12-02
Максова,Зулай,Гаврилович,1980-11-27,464434-3;2021-01-26;761367-4;1999-11-23
Жакирова,Роке,Валерьяновна,2008-05-19,987218-3;2013-05-19;369327-1;2019-12-26
Кривоногиков,Воробей,Васильевич,2020-07-16,114457-4;2021-01-20;319478-3;2021-01-02
Сафаров,Динис,Евсеевич,1997-01-17,631271-5;1999-03-02;222361-4;2018-04-04
Парнасов,Никко,Артуровна,1987-10-15,545918-4;2003-06-23
Трепаленков,Косим,Димитриевич,2011-12-09,115688-1;2017-11-26;464434-4;2013-08-19;389471-1;2019-03-20
Седенкова,Сюзанна,Владленовна,1999-08-01,268261-3;2017-11-26;761367-2;2018-06-12;233349-4;2002-01-26
Вострышева,Камал,Гордеевич,2018-09-23,741622-1;2019-03-31;684684-4;2021-03-24;855767-2;2021-02-06
Шляпнуков,Гедеон,Геннадиевич,1998-03-14,637878-3;2021-02-14;199721-1;2014-02-13
Гючкова,Элек,Фёдоровна,1999-12-31,452653-5;2001-01-25;199721-4;2015-12-31
Струпенева,Светлана,Тихонович,2005-11-29,728559-1;2007-05-21;514685-1;2006-08-31;344463-4;2017-06-10
Петяева,Илария,Авдеевна,1990-04-16,637878-1;2002-08-16;378634-4;1993-11-11;527858-5;1997-06-06
Меленьтьева,Амат,Евсеевич,1993-10-17,494536-1;2001-01-06;312252-1;2016-06-19;335265-5;1996-05-30
Славутич,Аскер,Артуровна,2010-07-29,631271-1;2020-01-16
Перьмяков,Умед,Архиповна,2014-09-16,293842-3;2016-10-16;987218-4;2017-05-21
Посарева,Орина,Харитоновна,2008-03-28,344463-2;2010-11-23;535979-4;2019-07-01;677271-1;2013-04-24
Сесталов,Чинар,Демьяновна,2018-02-08,622486-1;2020-02-10;252719-4;2019-03-06;266527-5;2019-05-27
Лимонов,Куша,Евсеевич,2009-07-02,266527-4;2011-01-11;137246-5;2015-08-09;312252-4;2013-10-01
Ахулков,Джерард,Глебовна,2004-06-13,661416-3;2019-06-06;494536-4;2021-03-19
Сивальнев,Фанзил,Фролович,2005-07-07,124465-4;2015-05-25;343575-2;2021-05-13
Башеренков,Дрейк,Эдгарович,1998-08-07,532681-3;1999-01-07;622486-4;2005-08-09
Кресова,Кармел,Ярославович,1986-03-04,266268-5;2001-08-17;119962-5;2002-08-18
Маркилова,Уза,Ермолаевна,2015-07-03,137468-2;2017-12-01;248792-1;2020-10-28
Мамончикова,Калимат,Ерофеевна,2020-03-31,747843-4;2020-10-18;866263-3;2020-05-31
Улитичева,Тиффани,Тарасовна,1995-09-30,378548-2;2000-09-21
Ляссотович,Стьюи,Харлампьевич,2006-10-25,212711-2;2018-06-08;175522-3;2007-09-13;388337-2;2020-12-24
